КодКатегории,Уровень4
EM85913,Стеклоочиститель портативный
AM24371,Пылесос строительный
AM24117,Аппарат высокого давления
IW13090,Химия для аппаратов высокого давления
AM28706,Аксессуары для аппаратов высокого давления
EM63698,Высоторез
EM08610,Воздуходувка (садовый пылесос)
IW23386,Газонокосилка электрическая
IW23387,Газонокосилка аккумуляторная
IW23388,Газонокосилка бензиновая
IW23389,Триммер садовый электрический
IW23390,Триммер садовый аккумуляторный
IW23391,Триммер садовый бензиновый
EM10860,Аэратор
EM01984,Измельчитель садовый
EM05079,Кусторез
EM10252,Аксессуары для триммеров
EM51499,Опрыскиватель
EM10311,Аксессуары для газонокосилок
IW13526,Культиватор бензиновый
IW56111,Снегоуборщик Электрический
EM45229,Мотоблок
AM31546,Снегоуборщик Бензиновый
EM06659,Культиватор электрический
ID11961,Аксессуары для мотоблоков и культиваторов
AM26850,Цепная пила бензиновая
AM26851,Цепная пила электрическая
IW02767,АКБ и ЗУ для садовой техники
IW25352,Цепная пила аккумуляторная
EM10891,Аксессуары для цепных пил
EM51496,Дровокол
AM28489,Цепь пильная
AM26802,Прочие измерители
AM26805,Лазерный дальномер
AM26806,Лазерный нивелир
AM26809,Температурные измерители
AM29584,Измерители параметров эл.сетей
IW36986,Коронка
EM10206,Биты
EM10207,Оснастка для перфораторов
EM10234,Сверла
EM10245,Набор бит и сверл
EM10208,Диск для УШМ
EM10209,Диск пильный
EM10214,Насадки для реноваторов
EM10221,Пилки для электролобзика
EM10223,Полотно для сабельной пилы
EM45098,Оснастка для шлифмашин
EM10213,Насадки для гравировальных машин
EM10247,Фреза
EM10546,Прочие расходные материалы и аксессуары клининг инструмента
ID34672,Пылесборники и фильтра для строительных пылесосов
EM11024,Верстак
EM04604,Системы хранения инструмента
AM26788,Клеевой пистолет
AM26796,Штроборез
AM26829,Краскораспылитель электрический
IW01211,Фонарь строительный
EM09661,Электроинструмент Набор
EM10823,Прочий электроинструмент
EM10929,Аппарат для сварки пластиковых труб
AM24366,Степлер электрический
AM24370,Фен строительный
EM04206,Дрель-миксер
IW30973,Расходные материалы для степлера
IW30974,Прочие расходные материалы и аксессуары электроинструмента
EM10210,Клеевые стержни
AM26787,Гравировальные машинки
AM26794,Рубанок электрический
AM26795,Точило
EM45071,Шлифмашина Вибрационная
EM45074,Полировальная машина
EM45075,Шлифмашина Ленточная
AM24365,Фрезер
AM24368,Шлифмашина Эксцентриковая
AM26785,Гайковерт
AM26833,АКБ и ЗУ для электроинструмента
AM24118,Шуруповерт
AM24119,Дрель
AM24120,Перфоратор
IW36407,Винтовёрт
AM24356,Отвертка Аккумуляторная
AM26790,Пила Сабельная
AM26793,Пила Торцовочная
AM24121,УШМ (Шлифмашина Угловая)
AM24122,Пила Дисковая
AM24123,Лобзик
EM10800,Ножницы электрические
EM04570,Пила Отрезная
AM24369,Реноватор
EY10516,Встраиваемая посудомоечная машина 60 см
AM20780,Встраиваемая посудомоечная машина 45 см
AM26864,Встраиваемая микроволновая печь
AM26698,Холодильник встраиваемый
ID01166,Шкаф морозильный встраиваемый
EM03396,Варочная поверхность индукционная 3+ конфорочная
EM09482,Варочная поверхность газовая 2 конфорочная
EM09483,Варочная поверхность индукционная 2 конфорочная
EM09484,Варочная поверхность электрическая 2 конфорочная
AM26860,Варочная поверхность газовая 3+ конфорочная
AM19416,Варочная поверхность электрическая 3+ конфорочная
AM19417,Духовой шкаф электрический
AM26280,Духовой шкаф газовый
EM09485,Вытяжка подвесная
EM09486,Вытяжка каминная
AM19418,Вытяжка телескопическая
AM30947,Аксессуары для вытяжек
EY98587,Вытяжка полновстраиваемая
ID44295,Xiaomi Климат летний
ID44296,Xiaomi Конвектор
ID44300,Xiaomi Увлажнитель
ID44301,Xiaomi Очиститель воздуха
IW10622,Xiaomi Тепловентилятор
ID48554,Xiaomi Интернет Ассортимент
ID45128,Xiaomi Аксессуары Пылесосов-роботов
ID45129,Xiaomi Аксессуары МБТ
IW01080,Xiaomi АЗУ
IW01085,Xiaomi Автокомпрессор
IW01086,Xiaomi Адаптер для ноутбука
IW01087,Xiaomi Рюкзаки и чемоданы
IW01088,Xiaomi Мышь офисная
IW01886,Xiaomi Инструменты
IW27211,Xiaomi USB хаб
IW50386,Xiaomi Клавиатуры
IW02761,"Xiaomi Умный дом. Выключатели, реле и розетки"
IW02762,Xiaomi Умный дом. Датчики
IW02763,Xiaomi Умный дом. Освещение
IW02764,Xiaomi Умный дом. Центр управления и комплекты
IW14767,Xiaomi Умный дом. Светильники
ID53273,Xiaomi Маршрутизатор
ID53274,Xiaomi IP-камера и система видеонаблюдения
ID53275,Xiaomi Усилитель Wi-fi сигнала
ID53278,Xiaomi Ноутбуки
IW01089,Xiaomi Графический планшет
IW26197,Xiaomi Память USB Flash
IW42872,Xiaomi Специализированная печатная техника
IW45880,Xiaomi Печатная техника
IW64346,Xiaomi Мониторы
ID52658,Xiaomi Наушники вкладыши
ID53024,Xiaomi Саундбары и домашние кинотеатры
ID53025,Xiaomi Умные колонки
ID53026,Xiaomi Колонки портативные
ID52786,Xiaomi Медиаплеер стационарный
IW20164,Xiaomi Видеорегистратор
IW29342,Xiaomi Проекторы
IW15460,Xiaomi Стирально-сушильная машина
IW15461,Xiaomi Холодильник
IW17206,Xiaomi Посудомоечная машина
IW17208,Xiaomi Система очистки воды
ID44292,Xiaomi Пылесос-робот
ID44293,Xiaomi Робот-мойщик окон
ID45554,Xiaomi Станции самоочистки для пылесосов-роботов
IW63002,Xiaomi Пылесос-робот со станцией самоочистки
ID44290,Xiaomi Пылесос вертикальный
ID44302,Xiaomi Пылесос ручной портативный
IW50385,Xiaomi Пылесос 
IW58679,Xiaomi Пылесос вертикальный моющий
ID44303,Xiaomi Машинка для удаления катышков
IW26379,Xiaomi Гладильная Система
IW62793,Xiaomi Отпариватели
IW62794,Xiaomi Утюг
ID44297,Xiaomi Весы напольные
ID44298,Xiaomi Фен
ID44304,Xiaomi Зубные щётки
ID45021,Xiaomi Электробритвы
IW01380,Xiaomi Массажный пистолет
IW11359,Xiaomi Машинки для стрижки
IW26190,Xiaomi Выпрямитель для волос
IW62831,Xiaomi Ирригатор
ID44299,Xiaomi Аэрогрили
IW11361,Xiaomi Кухня нарезка и смешивание
IW29479,Xiaomi Весы кухонные
IW58820,Xiaomi Микроволновая печь
IW58821,Xiaomi Электрическая плитка
IW58822,Xiaomi Электропечь
ID44305,Xiaomi Электрочайник
IW08258,Xiaomi Кофемашина капсульная
IW26367,Xiaomi Диспенсер
ID52820,Xiaomi Мобильные средства передвижения
IW52401,Xiaomi Аксессуары для мобильных средства передвижения
AM26824,Компрессоры
AM26825,Набор пневматического инструмента
EM11018,Аксессуары для пневматического оборудования
EM45056,Пневматический инструмент
AM26792,Паяльник электрический
EM45049,Паяльная станция
EM10224,Расходные материалы для паяльного оборудования
AM26831,Маска сварочная
EM11017,Проволока сварочная
AM30919,Электроды
EM10227,Аксессуары для сварочного оборудования
AM24360,Сварочный аппарат
EM09657,Металлоискатель
ID26952,Высокоточные весы
ID40691,Насосы циркуляционные и повысительные
IW29433,Насосы скважинные
IW29434,Насосная станция и поверхностные насосы
IW29436,Аксессуары для насосов
EY89166,Котлы отопительные электрические
ID09694,Насосы дренажные и вибрационные
ID20106,Промышленная вентиляция
ID23366,Тепловентилятор водяной
ID30546,Котлы отопительные газовые
ID33015,Бойлер косвенного нагрева
AM26821,Набор автоинструмента
AM26822,Набор торцевых головок
AM27462,Набор инструментов для точных работ
IW04553,Универсальный набор инструмента
EM45084,Набор ключей
EM45088,Набор отвёрток
EY86867,Резьбонарезной инструмент
AM26815,Углоизмерительный прибор
EY86301,Уровень
ID20754,Штангенинструмент
EY86707,Электромонтажный инструмент
IW67323,Средства индивидуальной защиты
EM45114,Перчатки защитные
AM26714,Автомобильный сабвуфер
AM26716,Автомобильный усилитель
AM26721,Установочный комплект
AM26722,Шумо и виброизоляция
AM18144,FM Трансмиттер
AM18296,Автомобильная магнитола (1DIN)
EM01197,Автомобильная магнитола (2DIN)
AM19346,Автомобильная акустическая система
AM26771,Автокомпрессор
AM26774,Домкрат
AM26777,"ПЗУ, Зарядное устройство"
ID42096,Пусковое устройство (Jump Starter)
IW42740,Холодильник автомобильный компрессорный
EM04831,Пылесос автомобильный
AM26736,Автосигнализация
AM26769,Камера заднего вида
AM18156,GPS Навигатор
AM18155,Видеорегистратор
AM18154,Радар-детектор
AM26832,Электрогенератор
IW24153,Стабилизатор Напряжения Стационарный
ID11958,Силовой Удлинитель
EM56230,Аксессуары для генераторов и силового оборудования
ID68594,Ручной заклепочник
ID68595,Ручной плиткорез
EM10638,Степлер механический
EM81985,Зажимные устройства и инструменты
EY86541,Прочий ручной инструмент
EY87258,Столярно-слесарный инструмент
EY87529,Ключи
EY87554,Шарнирно-губцевый инструмент
EM01614,Мультитул
EM63760,Токарный станок
ID41258,Лобзиковый станок
ID41261,Стружкоотсос
IW03386,Шлифовальный станок
EM10844,Рейсмусовый станок
EM10846,Настольная дисковая пила
EM10847,Ленточнопильный станок
EM10930,Плиткорез
EM11015,Сверлильный станок
AM26791,Отбойный молоток
EM10723,Мотопомпа
EM10857,Вибратор для бетона
EM10871,Бензорез
EM10894,Долото для отбойного молотка
EM45228,Бетоносмеситель
EM01181,Стремянки/лестницы
AM28462,Шнек для мотобура
EM70189,Виброплита
AM24367,Мотобур
AM23627,"Усилители, кабели, сплиттеры, переходники"
EM76008,Видео кабель/Переходник
EM76009,Кабель USB
EM76010,Кабель питания
EM76011,Кабель компьютерный
AM24104,Аудиокабели и переходники
AM24345,Кабель HDMI
ID35089,Прочие аксессуары для периферии
AM18206,Адаптер для ноутбука
AM18216,Аксессуар для HDD
AM18337,USB хаб
AM18369,Оптические диски
AM18379,Чистящее средство
EM63751,Крепления для мониторов
AM18330,Крепления для видеотехники
AM24465,Столы и стойки для ТВ
AM23529,3D ручки
EM63794,Радиоприемник
IW07149,Расходные материалы для 3д ручек
IW28872,Радиоуправляемые игрушки
AM24106,Прочие аудио-аксессуары
EY89691,Рюкзаки для ноутбуков
AM20764,Радиобудильник
AM21575,Тюнер цифрового телевидения
AM18200,"Сумки, чехлы для ноутбуков"
AM18136,ТВ антенны
AM18268,Экраны для проекторов
AM18225,"Сумка, рюкзак, чехол для фото/видео камеры"
EM01581,Магнитолы
ID40796,Измельчители пищевых отходов
EM04971,Аксессуары для кухонной техники
AM21716,Аксессуары для приготовления напитков
AM23955,Аксессуары для СМ и ПММ
AM19455,"Светильник декоративный, ночник"
AM19456,Лампа светодиодная
EY87588,Люстра
ID05735,Светодиодная лента
ID22961,Светильник настенно-потолочный
AM20763,Светильник настольный
AM18377,Фонарь
ID14838,Аккумулятор холода
ID20572,Изотермический контейнер
AM29455,Изотермическая сумка
AM18375,Батарейка/Аккумулятор
AM18376,Зарядное устройство для аккумуляторов AA/AAA
AM24126,Игровые кресла
EY57788,Игровые столы
ID43601,Телефон проводной
AM18278,Телефоны стационарные беспроводные (DECT)
AM18123,Брошюровщик
AM18315,Уничтожитель
AM18443,Оборудование VoIP
AM26918,Гладильная Доска
AM23157,Сушилка для белья
AM22937,Мягкое тепло
AM19788,Товары для ухода за одеждой
AM30956,Пылесборники для пылесосов
AM30957,Фильтр для пылесоса
AM30958,Аксессуары для чистящей техники
ID48210,Чистящие и моющие средства для КБТ
EM75261,Средства для мытья посуды
AM30960,Чистящие и моющие средства для МБТ
AM26920,Картриджи для фильтр-кувшинов
ID26440,Картриджи для проточных фильтров
ID26441,Магистральный фильтр
ID29044,Система обратного осмоса
AM21592,Фильтр-кувшин
EM06147,Фильтр проточный
EM00324,"Ножи, наборы ножей, ножницы"
EM00325,Сковорода
EM00327,"Кастрюля, Ковш"
EM00328,Набор посуды
EM00329,Крышка для посуды
EM00330,Чайник
EM00331,"Термос, Термокружка"
EM00333,Форма для выпекания
ID43821,"Доски разделочные, Ножеточки, Подставки"
ID43822,Приготовление кофе
ID43833,Хранение
AM19451,Весы кухонные
EY11578,Навеска кухонная
AM21589,Утварь кухонная
EM08252,"Чайник заварочный, Френч-пресс"
ID44231,Настольная газовая плитка
IW01205,Аксессуары для грилей
AM19432,Микроволновая печь
AM19437,Хлебопечь
AM19438,"Вафельница, Сэндвичница"
AM19829,Прочая техника для жарки и варки
ID06312,Фритюрницы. Аэрогриль/фритюр
ID15849,Аксессуары для универсальных пекарей
AM20750,Аксессуары для мультиварок
AM20753,Мультиварка
AM20755,Электрическая плитка
AM20756,Тостер
AM30157,Гриль
AM30160,Блинница
AM30172,Электропечь
ID54352,Плита комбинированная
AM19413,Плита электрическая
AM20782,Плита газовая
IW56429,Xiaomi Смартфон
ID44306,Xiaomi Браслеты для мобильных устройств
ID44307,Xiaomi Фитнес часы для мобильных устройств
ID52656,Xiaomi TWS гарнитуры
ID53277,Xiaomi Планшетный ПК
ID52659,Xiaomi Предметы для Селфи
ID52661,Xiaomi Держатели для мобильных устройств
IW57824,Xiaomi Стилусы
IW01084,Xiaomi Ремешки и браслеты для носимой электроники
IW01067,Xiaomi Чехол для мобильных устройств
ID52668,Xiaomi Портативный аккумулятор
IW01079,Xiaomi Беспроводные зарядные устройства
IW01081,Xiaomi Устройства для зарядки МУ от сети
IW01083,Xiaomi Зарядные устройства и кабели для носимой электроники
IW01082,Xiaomi Кабель для мобильных устройств
EM76012,Патч-корд
EM76013,Витая пара
AM18364,Коммутационное оборудование
AM19427,Метеостанция
EM85944,Аксессуары для кресел и столов
EM86010,Доска магнитно-маркерная
EY92425,Офисные кресла
EY92441,Детские кресла
EY92442,Офисные столы
AM18274,Ламинатор
AM18272,Материалы для ламинирования
EM65649,Рулетка
AM26762,Зарядные устройства для использования ВНЕ помещения
AM26776,Преобразователь напряжения
ID20573,Холодильник автомобильный
AM18341,Контроллеры и адаптеры
AM18704,Фотобумага и наклейки
AM18705,Картридж лазерный совместимый
EY57777,3D принтеры и 3D сканеры
AM23313,Расходные материалы для 3D принтеров
AM18423,Картридж струйный совместимый
AM18428,Чернила совместимые
AM23891," платформы, стики"
ID09692,Персональный компьютер (корпоратив)
EM03489,Комплектующая для сборки (СБОРКА)
AM18243,Карта памяти (Flash)
AM18359,Кард - ридер
AM18388,Память USB Flash
AM18335,Монитор
ID94230,Персональный компьютер игровой
EM44981,Сервер
ID09693,Неттопы
AM18179,"Микрокомпьютеры, стики, платформы"
AM18178,Персональный компьютер офисный
AM18458,Серверное оборудование
ID47667,Платформы моноблока
AM18176,Моноблок
IW25370,Устройство цифровой аутентификации
ID11757,Офис и делопроизводство
ID11758,Антивирус
AM18469,Операционная система
AM18166,Блок питания системного блока
AM18165,Корпус
IW63236,Разветвители и переходники для вентиляторов
EM75984,Термопаста и термоинтерфейс
EM75985,Вентиляторы охлаждения
EM75986,Системы жидкостного охлаждения
EM75987,Моддинг
AM18355,Устройство для охлаждения процессора
AM18172,Материнская плата
AM18173,Видеокарта
AM21558,Звуковая карта
AM18210,Привод/считыватель
AM18345,Платы видеомонтажа и тюнеры
AM26853,Тепловые пушки газовые
AM26854,Тепловые пушки дизельные
AM26855,Тепловые пушки электрические
AM30153,Тепловая завеса
ID20630,Инфракрасный панельный обогреватель
ID20642,Инфракрасные газовые обогреватели
ID15857,Аксессуары для зимнего климата
ID15858,Аксессуары для обработки воздуха
ID15859,Аксессуары для водонагревателей
EM04721,Аксессуары для летнего климата
EM03360,Мойка воздуха
AM30928,Климатический комплекс
AM19424,Увлажнитель воздуха
AM20768,Очиститель воздуха
AM24442,Осушитель воздуха
EM09596,Водонагреватель электрический проточный
AM19422,Водонагреватель электрический накопительный
EM05753,Водонагреватель газовый
AM23625,Инфракрасный обогреватель
AM19421,Маслонаполненный радиатор
ID38662,Электрокамин
AM20765,Конвектор
AM20767,Тепловентилятор
AM19420,Кондиционер
AM19552,Вентилятор напольный
EM86046,Мобильный кондиционер
EY66924,Вентилятор настольный
ID04238,Полупромышленные кондиционеры
ID44328,Соединительный элемент для установки в колонну
ID18723,Сушильный шкаф
AM22962,Сушильная машина
EM09646,Стиральная машина с вертикальной загрузкой
EM09647,Стиральная машина активаторного типа
AM26697,Встраиваемая стиральная машина
AM19415,Стиральная машина с фронтальной загрузкой
EY29489,Стиральная машина с сушкой
IW29402,Отдельностоящая посудомоечная машина 60 см
IW59496,Отдельностоящая посудомоечная машина компактная
AM19414,Отдельностоящая посудомоечная машина 45 см
ID55979,Внешний SSD
IW36716,Жесткий диск Enterprise
AM18217,Внешний HDD
AM18212,Жесткий диск
AM18219,Процессор
AM18464,Серверный процессор
IW51447,Твердотельный накопитель SSD Enterprise
AM18168,Твердотельный накопитель SSD
AM18171,Оперативная память
AM18460,Серверная память
EY37862,Маршрутизатор 3G/4G/5G
AM18430,IP-камера и система видеонаблюдения
AM18438,Маршрутизатор
AM19783,Аксессуары к ИБП
EY64529,Оборудование СКС
AM18392,ИБП
AM18393,Стабилизатор напряжения
AM18395,Сетевой фильтр
EY37863,Модемы 3G/4G/5G
AM18432,Адаптер BlueTooth
AM18433,Адаптер Wi-Fi
AM18434,Оборудование PoE
AM18435,Антенна
AM18436,Внешнее хранилище
AM18437,Коммутатор
AM18447,Сетевая карта и Powerline
AM18450,Точка доступа
AM18451,Усилитель Wi-fi сигнала
IW56415,"Huawei, Honor Чехол для планшета"
IW56419,"Huawei, Honor Чехол для GSM"
IW56402,"Huawei, Honor Смартфон"
IW56412,"Huawei, Honor Умные часы и браслеты"
IW56413,"Huawei, Honor TWS гарнитуры"
IW56411,"Huawei, Honor Планшетный ПК"
IW56414,"Huawei, Honor Стилусы"
IW56417,"Huawei, Honor Предметы для Селфи"
IW56420,"Huawei, Honor Чехол для гарнитуры"
IW56418,"Huawei, Honor Портативный аккумулятор"
IW56416,"Huawei, Honor Кабель для мобильных устройств"
EY69002,Напольные аудиосистемы
AM18281,Саундбары и кинотеатры
AM18548,Колонки 2.0
AM18550,Колонки 2.1-5.1
ID59573,Звуковая карта Профессиональная
EM00962,Синтезаторы
EM00970,Виниловые проигрыватели
EM76023,MP3/MP4 плееры
AM24103,Аудио-усилители и адаптеры
EY69063,DJ оборудование
AM18325,Микрофоны
AM18230,Диктофоны
EM03352,Стереогарнитура (Bluetooth)
EM85180,Наушники накладные беспроводные
AM18324,Наушники накладные проводные
AM18260,Моногарнитура (Bluetooth)
AM18535,Наушники вкладыши
AM19556,Портативные аудиосистемы
AM23091,Домашние аудиосистемы
AM18552,Колонки портативные
AM19440,Фен
AM19441,Массажер
AM19443,Машинка для стрижки
AM19445,Электрическая зубная щетка
AM19446,Весы напольные
EM72448,Фотоэпилятор
AM30954,Аксессуары для зубных щеток и ирригаторов
EY23975,Ирригатор
AM20752,Аксессуары для бритв и эпиляторов
AM20757,Электробритва
AM20758,Эпилятор
AM20761,Выпрямитель для волос
AM20762,Электрощипцы
AM30161,Фен-щетка
AM30162,Триммер
AM30163,Стайлер
AM30165,Массажная ванночка
EM45169,Планетарный миксер. Кухонная машина
AM19450,Миксер ручной. Миксер стационарный
AM19452,Мясорубка
AM30953,Аксессуары для мясорубок
ID04919,"Кухонный комбайн, Ломтерезка"
AM20759,Блендер Погружной
AM30175,"Измельчитель, Электротёрка"
EM09455,Блендер Стационарный
EM03351,Кофемашина капсульная
EM84145,Вспениватель молока
AM26921,Термопот
AM19434,Кофеварка капельная
AM19436,Электрочайник
AM19449,Кофемолка
AM19453,Соковыжималка
EY41271,Вакуумный упаковщик
EY68966,Кофеварка рожковая
AM20747,Кофемашина автоматическая
AM30166,Сушилка для овощей и фруктов
EM01439,Диспенсер
AM19426,Отпариватель напольный
AM19428,Швейная машина
AM19429,Утюг
EM86011,Отпариватель ручной
AM30156,Паровая станция
AM27460,Пылесосы-роботы
AM19430,Пылесос
EM86042,Пароочиститель вертикальный
EM85914,Пылесос ручной портативный
EM86012,Пароочиститель ручной
ID03541,Робот-мойщик окон
ID15847,Аксессуары для пылесосов-роботов
AM20760,Пароочиститель напольный
EM07228,Пылесос вертикальный
ID41492,Apple Смарт часы
ID38082,Apple Аудио
ID42309,Apple Ремешки для смарт часов
ID42711,Apple Аксессуары прочее
ID39569,Apple Манипуляторы
ID39570,Apple Аксессуары компьютеры
ID44832,Apple Чехлы Компьютеры
ID40058,Apple Смартфоны чехлы
ID42310,Apple Аксессуары планшеты
ID38522,Apple Зарядные устройства
ID38523,Apple Кабели
ID44069,Apple Медиаплееры
ID44070,Apple Мониторы
IW64792,Apple Компьютеры
EY88081,Apple Ноутбуки
ID41694,Apple Планшеты
ID38031, Apple Смартфоны
ID41316,Ларь морозильный  > 380 л [глухая крышка]
ID41319,Ларь морозильный [стеклянная шторка]
AM26313,Ларь морозильный  < 380 л [глухая крышка]
AM20781,Шкаф морозильный
EM06700,Холодильник - витрина
ID01209,Шкаф винный встраиваемый
EM06984,Шкаф винный
ID25058,Сменная панель для холодильника
ID25062,Холодильник модульный
EM09648,Холодильник с верхней морозильной камерой
EM09649,Холодильник однокамерный полноразмерный >100см
EM09650,Холодильник однокамерный компактный < 100см
AM19412,Холодильник с нижней морозильной камерой
EY79199,Холодильник многокамерный
AM29319,Холодильник Side by Side
AM18246,Электронные книги
AM23626,Чехлы для пультов ДУ
AM21569,Пульт ДУ для ТВ Видео
AM21574,Медиаплееры
AM18310,Проекторы
AM18399,Графический планшет
AM26923,Аксессуары для экшн-камер
AM18240,Экшн-камеры
AM29233,Камеры моментальной печати
EY47326,Фотопленка и картриджи
AM27459,Квадрокоптеры
AM18202,Охлаждение для ноутбука
AM18397,Веб-камера
AM18402,Клавиатура офисная
AM18405,Мышь офисная
AM29232,Объективы для камер
AM18232,Штативы и фотовспышки
AM18241,Видеокамеры
AM18182,Камеры зеркальные
AM18181,Камеры беззеркальные
AM18180,Камеры компактные
IW60646,SKD комплекты
EM09487,"Телевизоры 65""-69"""
IW46766,"Телевизоры от 80"""
ID11686,"Телевизоры 70""-79"""
AM26932,"Телевизоры 55""-64"""
AM18209,"Телевизоры 39""-45"""
AM18290,"Телевизоры  до 29"""
AM18520,"Телевизоры 30""-38"""
AM18521,"Телевизоры 46""-54"""
AM24844,"Умный дом. Выключатели, реле и розетки"
AM27450,Умный дом. Хабы и управление УД
ID03651,Умный дом. Колонки
ID35238,Умный дом. Датчики и безопасность
ID35239,Умный дом. Освещение
AM27458,Настольные игры
AM30997,Конструкторы
ID45410,Электросамокаты
ID45411,Электровелосипеды
ID45413,Электротранспорт прочий
ID51805,Аксессуары для гейминга
EM10192,Мышь игровая
EM10194,Клавиатура игровая
EM10196,Коврик для мыши
ID25130,Микрофоны для стриминга
EM00289,Наушники игровые
AM27452,Игровой контроллер
ID8751 ,Джойстик
AM21566,Геймпад
IW59568,Консоли Microsoft
IW59569,Консоли Nintendo
IW59570,Портативные консоли
EM08108,Консоли и VR PlayStation
AM18134,Игровые консоли ретро
EM76021,Видеоигры
ID56353,Системы виртуальной реальности
AM27451,Карты оплаты
AM30127,Кабель для мобильных устройств
AM30128,OTG кабель и переходники
EY66593,Ремешки и браслеты для носимой электроники
EY66594,Зарядные устройства и кабели для носимой электроники
AM18248,Сотовый телефон
AM19347,Радиостанции
AM27381,Умные часы и браслеты
EY80857,TWS гарнитуры
EY72488,Чехол для гарнитуры TWS
AM18300,Чехол для планшета
AM18259,Чехол для GSM
AM18258,Чехол для электронных книг
AM18255,Планшетный ПК
AM27380,Предметы для Селфи
ID55643,Кольцевые лампы
EY10317,Аксессуары игровые для смартфонов и планшетов
ID25251,Стилусы
AM18308,Держатели для мобильных устройств
AM18304,Аксессуары прочее
AM20878,Портативный аккумулятор
ID25250,Беспроводные зарядные устройства
AM18307,Устройства для зарядки МУ от сети
AM30129,Защитное стекло для смартфонов
IW17041,Защитные стекла и пленки для планшетов (для упаковки)
EM10688,Защитное стекло для смартфонов (для упаковки)
AM20887,Защитные стекла и пленки для планшетов
EY66592,Защитные стекла и пленки для носимой электроники
AM18250,Смартфон
AM18208,Ноутбуки
ID40875,Специализированная печатная техника
EM03094,"Широкоформатная техника (МФУ, Принтеры, Сканеры)"
AM18412,МФУ Лазерное
AM18413,МФУ Струйное
AM18415,Принтер Лазерный
AM18417,Принтер Струйный
AM18419,Сканер
AM18422,ЗИП (Запасные части И Принадлежности)
ID42853,Картридж лазерный оригинальный
IW43190,Картридж струйный оригинальный
IW43191,Чернила оригинальные
EY23865,Тонер
AM18421,Офисная бумага
